<?xml version="1.0" encoding="UTF-8"?>
<!--
	Copyright 2005-2007 The Kuali Foundation
	
	Licensed under the Educational Community License, Version 2.0 (the "License");
	you may not use this file except in compliance with the License.
	You may obtain a copy of the License at
	
	http://www.opensource.org/licenses/ecl2.php
	
	Unless required by applicable law or agreed to in writing, software
	distributed under the License is distributed on an "AS IS" BASIS,
	WITHOUT WARRANTIES OR CONDITIONS OF ANY KIND, either express or implied.
	See the License for the specific language governing permissions and
	limitations under the License.
-->
<transactions xmlns="http://www.kuali.org/kfs/fp/procurementCard"
	xmlns:xsi="http://www.w3.org/2001/XMLSchema-instance"
	xsi:schemaLocation="http://www.kuali.org/kfs/fp/procurementCard @externalizable.static.content.url@/xsd/fp/procurementCard.xsd" >

	<transaction>
		<transactionCreditCardNumber>999911112222333</transactionCreditCardNumber>
		<financialDocumentTotalAmount>11.55</financialDocumentTotalAmount>
		<transactionDebitCreditCode>D</transactionDebitCreditCode>
		<chartOfAccountsCode>BL</chartOfAccountsCode>
		<accountNumber>4631654</accountNumber>
		<financialObjectCode>4190</financialObjectCode>
		<transactionCycleStartDate>2006-02-20</transactionCycleStartDate>
		<transactionCycleEndDate>2006-02-20</transactionCycleEndDate>
		<cardHolderName>Molecular Structure Center</cardHolderName>
		<transactionDate>2006-02-17</transactionDate>
		<transactionReferenceNumber>554173460487304813890</transactionReferenceNumber>
		<transactionMerchantCategoryCode>7622</transactionMerchantCategoryCode>
		<transactionPostingDate>2006-02-17</transactionPostingDate>
		<vendorName>STANSIFER RADIO CO</vendorName>
	</transaction>

	<transaction>
		<transactionCreditCardNumber>999911112222333</transactionCreditCardNumber>
		<financialDocumentTotalAmount>30.27</financialDocumentTotalAmount>
		<transactionDebitCreditCode>D</transactionDebitCreditCode>
		<chartOfAccountsCode>BL</chartOfAccountsCode>
		<accountNumber>4631654</accountNumber>
		<financialObjectCode>4190</financialObjectCode>
		<transactionCycleStartDate>2006-03-02</transactionCycleStartDate>
		<transactionCycleEndDate>2006-03-02</transactionCycleEndDate>
		<cardHolderName>BARBARA TRUESDELL</cardHolderName>
		<transactionDate>2006-03-01</transactionDate>
		<transactionReferenceNumber>55417346061640610702687</transactionReferenceNumber>
		<transactionMerchantCategoryCode>5192</transactionMerchantCategoryCode>
		<transactionPostingDate>2006-03-01</transactionPostingDate>
		<vendorName>IMU BOOKSTORE</vendorName>
	</transaction>


	<transaction>
		<transactionCreditCardNumber>4444876757777111</transactionCreditCardNumber>
		<financialDocumentTotalAmount>1.46</financialDocumentTotalAmount>
		<transactionDebitCreditCode>D</transactionDebitCreditCode>
		<chartOfAccountsCode>BL</chartOfAccountsCode>
		<accountNumber>4631654</accountNumber>
		<financialObjectCode>4190</financialObjectCode>
		<transactionCycleStartDate>2006-01-03</transactionCycleStartDate>
		<transactionCycleEndDate>2006-01-03</transactionCycleEndDate>
		<cardHolderName>IUPUI JAGS BOOKSTORES</cardHolderName>
		<transactionDate>2006-01-02</transactionDate>
		<transactionReferenceNumber>432866002000132935937</transactionReferenceNumber>
		<transactionMerchantCategoryCode>5192</transactionMerchantCategoryCode>
		<transactionPostingDate>2006-01-02</transactionPostingDate>
		<vendorName>AMZ*AMAZON PAYMENTS</vendorName>
	</transaction>


	<transaction>
		<transactionCreditCardNumber>4444876757777112</transactionCreditCardNumber>
		<financialDocumentTotalAmount>8.98</financialDocumentTotalAmount>
		<transactionDebitCreditCode>D</transactionDebitCreditCode>
		<chartOfAccountsCode>BL</chartOfAccountsCode>
		<accountNumber>4631654</accountNumber>
		<financialObjectCode>4190</financialObjectCode>
		<transactionCycleStartDate>2006-01-03</transactionCycleStartDate>
		<transactionCycleEndDate>2006-01-03</transactionCycleEndDate>
		<cardHolderName>JEFFREY WOLIN</cardHolderName>
		<transactionDate>2006-01-02</transactionDate>
		<transactionReferenceNumber>444006002340236593362</transactionReferenceNumber>
		<transactionMerchantCategoryCode>5970</transactionMerchantCategoryCode>
		<transactionPostingDate>2006-01-02</transactionPostingDate>
		<vendorName>FEDEX KINKO'S #0211</vendorName>
	</transaction>


	<transaction>
		<transactionCreditCardNumber>4444876757777113</transactionCreditCardNumber>
		<financialDocumentTotalAmount>71.44</financialDocumentTotalAmount>
		<transactionDebitCreditCode>D</transactionDebitCreditCode>
		<chartOfAccountsCode>BL</chartOfAccountsCode>
		<accountNumber>4631654</accountNumber>
		<financialObjectCode>4190</financialObjectCode>
		<transactionCycleStartDate>2006-01-03</transactionCycleStartDate>
		<transactionCycleEndDate>2006-01-03</transactionCycleEndDate>
		<cardHolderName>COLUMBUS SCIENCE</cardHolderName>
		<transactionDate>2006-01-01</transactionDate>
		<transactionReferenceNumber>546956002189000223518</transactionReferenceNumber>
		<transactionMerchantCategoryCode>8220</transactionMerchantCategoryCode>
		<transactionPostingDate>2006-01-01</transactionPostingDate>
		<vendorName>HODAPP - STAR</vendorName>
	</transaction>


	<transaction>
		<transactionCreditCardNumber>4444876757777114</transactionCreditCardNumber>
		<financialDocumentTotalAmount>19.99</financialDocumentTotalAmount>
		<transactionDebitCreditCode>D</transactionDebitCreditCode>
		<chartOfAccountsCode>BL</chartOfAccountsCode>
		<accountNumber>4631654</accountNumber>
		<financialObjectCode>4190</financialObjectCode>
		<transactionCycleStartDate>2006-01-03</transactionCycleStartDate>
		<transactionCycleEndDate>2006-01-03</transactionCycleEndDate>
		<cardHolderName>COLUMBUS BUSINESS DIVISIO</cardHolderName>
		<transactionDate>2006-01-02</transactionDate>
		<transactionReferenceNumber>432866002000099844635</transactionReferenceNumber>
		<transactionMerchantCategoryCode>5192</transactionMerchantCategoryCode>
		<transactionPostingDate>2006-01-02</transactionPostingDate>
		<vendorName>FRB*FORBES MAGAZINE</vendorName>
	</transaction>

	<transaction>
		<transactionCreditCardNumber>4444876757777100</transactionCreditCardNumber>
		<financialDocumentTotalAmount>52.27</financialDocumentTotalAmount>
		<transactionDebitCreditCode>D</transactionDebitCreditCode>
		<chartOfAccountsCode>BL</chartOfAccountsCode>
		<accountNumber>4631654</accountNumber>
		<financialObjectCode>4190</financialObjectCode>
		<transactionCycleStartDate>2006-01-03</transactionCycleStartDate>
		<transactionCycleEndDate>2006-01-03</transactionCycleEndDate>
		<cardHolderName>AMY K. SPEARS</cardHolderName>
		<transactionDate>2006-01-02</transactionDate>
		<transactionReferenceNumber>480776003639000053629</transactionReferenceNumber>
		<transactionMerchantCategoryCode>5111</transactionMerchantCategoryCode>
		<transactionPostingDate>2006-01-02</transactionPostingDate>
		<vendorName>THE PAPER FACTORY #985</vendorName>
	</transaction>


	<transaction>
		<transactionCreditCardNumber>4444876757777119</transactionCreditCardNumber>
		<financialDocumentTotalAmount>231.16</financialDocumentTotalAmount>
		<transactionDebitCreditCode>D</transactionDebitCreditCode>
		<chartOfAccountsCode>BL</chartOfAccountsCode>
		<accountNumber>4631654</accountNumber>
		<financialObjectCode>4190</financialObjectCode>
		<transactionCycleStartDate>2006-01-03</transactionCycleStartDate>
		<transactionCycleEndDate>2006-01-03</transactionCycleEndDate>
		<cardHolderName>SOM/CHORAL ENSEMBLES</cardHolderName>
		<transactionDate>2006-01-02</transactionDate>
		<transactionReferenceNumber>446416003207092900028</transactionReferenceNumber>
		<transactionMerchantCategoryCode>5732</transactionMerchantCategoryCode>
		<transactionPostingDate>2006-01-02</transactionPostingDate>
		<vendorName>UNIVERSITY MUSIC SERVI</vendorName>
	</transaction>

	<transaction>
		<transactionCreditCardNumber>4444876757777111</transactionCreditCardNumber>
		<financialDocumentTotalAmount>-659</financialDocumentTotalAmount>
		<transactionDebitCreditCode>C</transactionDebitCreditCode>
		<chartOfAccountsCode>BL</chartOfAccountsCode>
		<accountNumber>4631654</accountNumber>
		<financialObjectCode>4190</financialObjectCode>
		<transactionCycleStartDate>2006-01-03</transactionCycleStartDate>
		<transactionCycleEndDate>2006-01-03</transactionCycleEndDate>
		<cardHolderName>ANNETTE M CARASCO</cardHolderName>
		<transactionDate>2005-12-14</transactionDate>
		<transactionReferenceNumber>85450785349118</transactionReferenceNumber>
		<transactionMerchantCategoryCode>2741</transactionMerchantCategoryCode>
		<transactionPostingDate>2005-12-14</transactionPostingDate>
		<vendorName>SAGE PUBLICATIONS INC</vendorName>
	</transaction>


	<transaction>
		<transactionCreditCardNumber>4444876757777111</transactionCreditCardNumber>
		<financialDocumentTotalAmount>305</financialDocumentTotalAmount>
		<transactionDebitCreditCode>D</transactionDebitCreditCode>
		<chartOfAccountsCode>BL</chartOfAccountsCode>
		<accountNumber>4631654</accountNumber>
		<financialObjectCode>4190</financialObjectCode>
		<transactionCycleStartDate>2006-01-03</transactionCycleStartDate>
		<transactionCycleEndDate>2006-01-03</transactionCycleEndDate>
		<cardHolderName>PAT FOX</cardHolderName>
		<transactionDate>2006-01-02</transactionDate>
		<transactionReferenceNumber>457026002286188800023</transactionReferenceNumber>
		<transactionMerchantCategoryCode>5968</transactionMerchantCategoryCode>
		<transactionPostingDate>2006-01-02</transactionPostingDate>
		<vendorName>NCIDQ</vendorName>
	</transaction>

<transaction>
		<transactionCreditCardNumber>999911112222333</transactionCreditCardNumber>
		<financialDocumentTotalAmount>101.55</financialDocumentTotalAmount>
		<transactionDebitCreditCode>D</transactionDebitCreditCode>
		<chartOfAccountsCode>BA</chartOfAccountsCode>
		<accountNumber>6044900</accountNumber>
		<financialObjectCode>4190</financialObjectCode>
		<transactionCycleStartDate>2006-02-20</transactionCycleStartDate>
		<transactionCycleEndDate>2006-02-20</transactionCycleEndDate>
		<cardHolderName>Molecular Structure Center</cardHolderName>
		<transactionDate>2006-02-17</transactionDate>
		<transactionReferenceNumber>554173460487304813891</transactionReferenceNumber>
		<transactionMerchantCategoryCode>7622</transactionMerchantCategoryCode>
		<transactionPostingDate>2006-02-17</transactionPostingDate>
		<vendorName>STANSIFER RADIO CO</vendorName>
	</transaction>

	<transaction>
		<transactionCreditCardNumber>999911112222333</transactionCreditCardNumber>
		<financialDocumentTotalAmount>300.27</financialDocumentTotalAmount>
		<transactionDebitCreditCode>D</transactionDebitCreditCode>
		<chartOfAccountsCode>BL</chartOfAccountsCode>
		<accountNumber>2231466</accountNumber>
		<financialObjectCode>4190</financialObjectCode>
		<transactionCycleStartDate>2006-03-02</transactionCycleStartDate>
		<transactionCycleEndDate>2006-03-02</transactionCycleEndDate>
		<cardHolderName>BARBARA TRUESDELL</cardHolderName>
		<transactionDate>2006-03-01</transactionDate>
		<transactionReferenceNumber>55417346061640610702688</transactionReferenceNumber>
		<transactionMerchantCategoryCode>5192</transactionMerchantCategoryCode>
		<transactionPostingDate>2006-03-01</transactionPostingDate>
		<vendorName>IMU BOOKSTORE</vendorName>
	</transaction>


	<transaction>
		<transactionCreditCardNumber>4444876757777111</transactionCreditCardNumber>
		<financialDocumentTotalAmount>10.46</financialDocumentTotalAmount>
		<transactionDebitCreditCode>D</transactionDebitCreditCode>
		<chartOfAccountsCode>BL</chartOfAccountsCode>
		<accountNumber>2331420</accountNumber>
		<financialObjectCode>4190</financialObjectCode>
		<transactionCycleStartDate>2006-01-03</transactionCycleStartDate>
		<transactionCycleEndDate>2006-01-03</transactionCycleEndDate>
		<cardHolderName>IUPUI JAGS BOOKSTORES</cardHolderName>
		<transactionDate>2006-01-02</transactionDate>
		<transactionReferenceNumber>432866002000132935938</transactionReferenceNumber>
		<transactionMerchantCategoryCode>5192</transactionMerchantCategoryCode>
		<transactionPostingDate>2006-01-02</transactionPostingDate>
		<vendorName>AMZ*AMAZON PAYMENTS</vendorName>
	</transaction>


	<transaction>
		<transactionCreditCardNumber>4444876757777112</transactionCreditCardNumber>
		<financialDocumentTotalAmount>80.98</financialDocumentTotalAmount>
		<transactionDebitCreditCode>D</transactionDebitCreditCode>
		<chartOfAccountsCode>BL</chartOfAccountsCode>
		<accountNumber>2331491</accountNumber>
		<financialObjectCode>4190</financialObjectCode>
		<transactionCycleStartDate>2006-01-03</transactionCycleStartDate>
		<transactionCycleEndDate>2006-01-03</transactionCycleEndDate>
		<cardHolderName>JEFFREY WOLIN</cardHolderName>
		<transactionDate>2006-01-02</transactionDate>
		<transactionReferenceNumber>444006002340236593363</transactionReferenceNumber>
		<transactionMerchantCategoryCode>5970</transactionMerchantCategoryCode>
		<transactionPostingDate>2006-01-02</transactionPostingDate>
		<vendorName>FEDEX KINKO'S #0211</vendorName>
	</transaction>


	<transaction>
		<transactionCreditCardNumber>4444876757777113</transactionCreditCardNumber>
		<financialDocumentTotalAmount>710.44</financialDocumentTotalAmount>
		<transactionDebitCreditCode>D</transactionDebitCreditCode>
		<chartOfAccountsCode>BA</chartOfAccountsCode>
		<accountNumber>6044906</accountNumber>
		<financialObjectCode>4190</financialObjectCode>
		<transactionCycleStartDate>2006-01-03</transactionCycleStartDate>
		<transactionCycleEndDate>2006-01-03</transactionCycleEndDate>
		<cardHolderName>COLUMBUS SCIENCE</cardHolderName>
		<transactionDate>2006-01-01</transactionDate>
		<transactionReferenceNumber>546956002189000223519</transactionReferenceNumber>
		<transactionMerchantCategoryCode>8220</transactionMerchantCategoryCode>
		<transactionPostingDate>2006-01-01</transactionPostingDate>
		<vendorName>HODAPP - STAR</vendorName>
	</transaction>


	<transaction>
		<transactionCreditCardNumber>4444876757777114</transactionCreditCardNumber>
		<financialDocumentTotalAmount>109.99</financialDocumentTotalAmount>
		<transactionDebitCreditCode>D</transactionDebitCreditCode>
		<chartOfAccountsCode>BL</chartOfAccountsCode>
		<accountNumber>2931410</accountNumber>
		<financialObjectCode>4190</financialObjectCode>
		<transactionCycleStartDate>2006-01-03</transactionCycleStartDate>
		<transactionCycleEndDate>2006-01-03</transactionCycleEndDate>
		<cardHolderName>COLUMBUS BUSINESS DIVISIO</cardHolderName>
		<transactionDate>2006-01-02</transactionDate>
		<transactionReferenceNumber>432866002000099844635</transactionReferenceNumber>
		<transactionMerchantCategoryCode>5192</transactionMerchantCategoryCode>
		<transactionPostingDate>2006-01-02</transactionPostingDate>
		<vendorName>FRB*FORBES MAGAZINE</vendorName>
	</transaction>

	<transaction>
		<transactionCreditCardNumber>4444876757777100</transactionCreditCardNumber>
		<financialDocumentTotalAmount>502.27</financialDocumentTotalAmount>
		<transactionDebitCreditCode>D</transactionDebitCreditCode>
		<chartOfAccountsCode>UA</chartOfAccountsCode>
		<accountNumber>1912201</accountNumber>
		<financialObjectCode>4190</financialObjectCode>
		<transactionCycleStartDate>2006-01-03</transactionCycleStartDate>
		<transactionCycleEndDate>2006-01-03</transactionCycleEndDate>
		<cardHolderName>AMY K. SPEARS</cardHolderName>
		<transactionDate>2006-01-02</transactionDate>
		<transactionReferenceNumber>480776003639000053630</transactionReferenceNumber>
		<transactionMerchantCategoryCode>5111</transactionMerchantCategoryCode>
		<transactionPostingDate>2006-01-02</transactionPostingDate>
		<vendorName>THE PAPER FACTORY #985</vendorName>
	</transaction>


	<transaction>
		<transactionCreditCardNumber>4444876757777119</transactionCreditCardNumber>
		<financialDocumentTotalAmount>2310.16</financialDocumentTotalAmount>
		<transactionDebitCreditCode>D</transactionDebitCreditCode>
		<chartOfAccountsCode>BL</chartOfAccountsCode>
		<accountNumber>1031420</accountNumber>
		<financialObjectCode>4190</financialObjectCode>
		<transactionCycleStartDate>2006-01-03</transactionCycleStartDate>
		<transactionCycleEndDate>2006-01-03</transactionCycleEndDate>
		<cardHolderName>SOM/CHORAL ENSEMBLES</cardHolderName>
		<transactionDate>2006-01-02</transactionDate>
		<transactionReferenceNumber>446416003207092900029</transactionReferenceNumber>
		<transactionMerchantCategoryCode>5732</transactionMerchantCategoryCode>
		<transactionPostingDate>2006-01-02</transactionPostingDate>
		<vendorName>UNIVERSITY MUSIC SERVI</vendorName>
	</transaction>

	<transaction>
		<transactionCreditCardNumber>4444876757777111</transactionCreditCardNumber>
		<financialDocumentTotalAmount>-659</financialDocumentTotalAmount>
		<transactionDebitCreditCode>C</transactionDebitCreditCode>
		<chartOfAccountsCode>BA</chartOfAccountsCode>
		<accountNumber>9244901</accountNumber>
		<financialObjectCode>4190</financialObjectCode>
		<transactionCycleStartDate>2006-01-03</transactionCycleStartDate>
		<transactionCycleEndDate>2006-01-03</transactionCycleEndDate>
		<cardHolderName>ANNETTE M CARASCO</cardHolderName>
		<transactionDate>2005-12-14</transactionDate>
		<transactionReferenceNumber>85450785349119</transactionReferenceNumber>
		<transactionMerchantCategoryCode>2741</transactionMerchantCategoryCode>
		<transactionPostingDate>2005-12-14</transactionPostingDate>
		<vendorName>SAGE PUBLICATIONS INC</vendorName>
	</transaction>


	<transaction>
		<transactionCreditCardNumber>4444876757777111</transactionCreditCardNumber>
		<financialDocumentTotalAmount>305</financialDocumentTotalAmount>
		<transactionDebitCreditCode>D</transactionDebitCreditCode>
		<chartOfAccountsCode>BA</chartOfAccountsCode>
		<accountNumber>6044900</accountNumber>
		<financialObjectCode>4190</financialObjectCode>
		<transactionCycleStartDate>2006-01-03</transactionCycleStartDate>
		<transactionCycleEndDate>2006-01-03</transactionCycleEndDate>
		<cardHolderName>PAT FOX</cardHolderName>
		<transactionDate>2006-01-02</transactionDate>
		<transactionReferenceNumber>457026002286188800024</transactionReferenceNumber>
		<transactionMerchantCategoryCode>5968</transactionMerchantCategoryCode>
		<transactionPostingDate>2006-01-02</transactionPostingDate>
		<vendorName>NCIDQ</vendorName>
	</transaction>
</transactions>
